Accuracy,CI_low,CI_high,model_name
0.7428571428571429,0.6404715250145009,0.8452427606997849,llama213b
