Accuracy,CI_low,CI_high,model_name
0.04285714285714286,0.0,0.09030308333790008,gpt2
