Accuracy,CI_low,CI_high,model_name
0.07142857142857142,0.011097267534815956,0.13175987532232689,gpt2
