Accuracy,CI_low,CI_high,model_name
0.6571428571428571,0.545947778151151,0.7683379361345632,gptj6b
