Accuracy,CI_low,CI_high,model_name
0.8571428571428571,0.7751687573361797,0.9391169569495345,gptneox20b
