Accuracy,CI_low,CI_high,model_name
0.2857142857142857,0.17988617792375045,0.39154239350482095,llama213b
