Accuracy,CI_low,CI_high,model_name
0.9,0.8297218491723808,0.9702781508276193,llama270b
