Accuracy,CI_low,CI_high,model_name
0.6142857142857143,0.5002562350678923,0.7283151935035364,gptj6b
