Accuracy,CI_low,CI_high,model_name
0.6714285714285714,0.5613978709000113,0.7814592719571315,llama27b
