Accuracy,CI_low,CI_high,model_name
0.38571428571428573,0.2716848064964637,0.49974376493210776,llama213b
