Accuracy,CI_low,CI_high,model_name
0.9142857142857143,0.8487064344403724,0.9798649941310561,gptneox20b
