Accuracy,CI_low,CI_high,model_name
0.42857142857142855,0.3126425448614998,0.5445003122813573,llama213b
