Accuracy,CI_low,CI_high,model_name
0.7571428571428571,0.6566897379923242,0.85759597629339,llama27b
