Accuracy,CI_low,CI_high,model_name
0.05714285714285714,0.0027673908256783952,0.11151832346003589,llama27b
