Accuracy,CI_low,CI_high,model_name
0.8428571428571429,0.7576014517236893,0.9281128339905964,gptj6b
