Accuracy,CI_low,CI_high,model_name
0.8285714285714286,0.7402826210963387,0.9168602360465186,gptj6b
