Accuracy,CI_low,CI_high,model_name
0.8857142857142857,0.8111824412069311,0.9602461302216403,llama27b
