Accuracy,CI_low,CI_high,model_name
0.9428571428571428,0.8884816765399641,0.9972326091743215,gptneox20b
