Accuracy,CI_low,CI_high,model_name
0.9285714285714286,0.8682401246776732,0.988902732465184,llama270b
