Accuracy,CI_low,CI_high,model_name
0.8714285714285714,0.7930157278964669,0.949841414960676,gptj6b
