Accuracy,CI_low,CI_high,model_name
0.7714285714285715,0.6730596516605587,0.8697974911965842,llama213b
