Accuracy,CI_low,CI_high,model_name
0.7142857142857143,0.608457606495179,0.8201138220762496,llama27b
