Accuracy,CI_low,CI_high,model_name
0.7857142857142857,0.6895911333066412,0.8818374381219302,gptj6b
