Accuracy,CI_low,CI_high,model_name
0.5857142857142857,0.47031796599027376,0.7011106054382977,llama213b
