Accuracy,CI_low,CI_high,model_name
0.8,0.7062957988965077,0.8937042011034924,gptj6b
