Accuracy,CI_low,CI_high,model_name
0.8142857142857143,0.7231874431533424,0.9053839854180862,llama213b
